work_id,work_name,source_file,is_spell,sentence_number,question_type,category,question,option_A,option_B,option_C,option_D,correct_answer,correct_term,original_sentence
T1564,《中論》,T1564-001-004.txt,False,1,multiple_choice,教義概念,OOOOO，不常亦不斷，不一亦不異，不來亦不出。,新發意菩薩,般若波羅蜜,不生亦不滅,反聞聞自性,C,不生亦不滅,不生亦不滅，不常亦不斷，不一亦不異，不來亦不出。
T1564,《中論》,T1564-001-004.txt,False,2,multiple_choice,教義概念,諸法不自生，亦不從他生，不共不無因，是故知OO。,輪迴,菩提,出家,無生,D,無生,諸法不自生，亦不從他生，不共不無因，是故知無生。
T1564,《中論》,T1564-001-004.txt,False,3,cloze,教義概念,眾因緣生法，我說即是無，亦為是假名，亦是OOO。,,,,,中道義,中道義,眾因緣生法，我說即是無，亦為是假名，亦是中道義。
T1564,《中論》,T1564-001-004.txt,False,4,cloze,教義概念,諸佛依二諦，為眾生說法：一以世俗諦，二OOOO。,,,,,第一義諦,第一義諦,諸佛依二諦，為眾生說法：一以世俗諦，二第一義諦。
T1564,《中論》,T1564-001-004.txt,False,5,cloze,教義概念,以有OO故，一切法得成；若無OO者，一切則不成。,,,,,空義,空義,以有空義故，一切法得成；若無空義者，一切則不成。
T0360,《佛說無量壽經》,T0360_001.txt,False,1,multiple_choice,專有名詞,OOOO號無量光佛、無邊光佛、無礙光佛、無對光佛、炎王光佛、清淨光佛、歡喜光佛、智慧光佛、不斷光佛、難思光佛、無稱光佛、超日月光佛,穢跡金剛,無量壽佛,娑婆世界,法藏比丘,B,無量壽佛,無量壽佛號無量光佛、無邊光佛、無礙光佛、無對光佛、炎王光佛、清淨光佛、歡喜光佛、智慧光佛、不斷光佛、難思光佛、無稱光佛、超日月光佛
T0360,《佛說無量壽經》,T0360_001.txt,False,2,multiple_choice,教義概念,時有國王，聞佛說法心懷悅豫，尋發OOOOOO，棄國、捐王，行作沙門，號曰法藏,般若波羅蜜多,無上正真道意,不思善不思惡,般若波羅蜜多,B,無上正真道意,時有國王，聞佛說法心懷悅豫，尋發無上正真道意，棄國、捐王，行作沙門，號曰法藏
T0360,《佛說無量壽經》,T0360_001.txt,False,3,cloze,教義概念,設我得佛，十方眾生至心信樂欲生我國，乃至十念，若不生者，不取正覺，唯除五逆、OOOO,,,,,誹謗正法,誹謗正法,設我得佛，十方眾生至心信樂欲生我國，乃至十念，若不生者，不取正覺，唯除五逆、誹謗正法
T0360,《佛說無量壽經》,T0360_001.txt,False,4,cloze,教義概念,設我得佛，他方佛土諸菩薩眾來生我國，究竟必至OOOO,,,,,一生補處,一生補處,設我得佛，他方佛土諸菩薩眾來生我國，究竟必至一生補處
T0360,《佛說無量壽經》,T0360_001.txt,False,5,cloze,數字術語,於OOOOOOOO積殖菩薩無量德行，不生欲覺、瞋覺、害覺,,,,,不可思議兆載永劫,不可思議兆載永劫,於不可思議兆載永劫積殖菩薩無量德行，不生欲覺、瞋覺、害覺
T0657,《佛說華手經》,T0657-001-010.txt,False,1,multiple_choice,教義概念,舍利弗！是發心即OOO菩薩勸請諸佛轉于法輪，此諸功德更無所為，但為請佛轉於法輪。,阿字門,蓮華族,世界海,轉法輪,D,轉法輪,舍利弗！是發心即轉法輪菩薩勸請諸佛轉于法輪，此諸功德更無所為，但為請佛轉於法輪。
T0657,《佛說華手經》,T0657-001-010.txt,False,2,multiple_choice,專有名詞,舍利弗！OOOOO有四法行，得不退智，獲大慈悲諸三昧慧，亦能無礙逮佛十力。,釋迦牟尼佛,菩薩摩訶薩,釋迦牟尼佛,《十地經》,B,菩薩摩訶薩,舍利弗！菩薩摩訶薩有四法行，得不退智，獲大慈悲諸三昧慧，亦能無礙逮佛十力。
T0657,《佛說華手經》,T0657-001-010.txt,False,3,cloze,教義概念,舍利弗！如來了知諸菩薩等OOOO劣下一念功德果報，百千萬劫說不能盡，況復一日、一月、一歲，乃至百歲所集諸心功德果報豈可說盡！,,,,,最初發心,最初發心,舍利弗！如來了知諸菩薩等最初發心劣下一念功德果報，百千萬劫說不能盡，況復一日、一月、一歲，乃至百歲所集諸心功德果報豈可說盡！
T0657,《佛說華手經》,T0657-001-010.txt,False,4,cloze,教義概念,堅意！法名OOOOOOOOOOOOOOOOO，淨妙無緣，無有文字，亦無言說，不可顯示。,,,,,無思、無慮、無相、無作、無憶、無念,無思、無慮、無相、無作、無憶、無念,堅意！法名無思、無慮、無相、無作、無憶、無念，淨妙無緣，無有文字，亦無言說，不可顯示。
T0657,《佛說華手經》,T0657-001-010.txt,False,5,cloze,教義概念,舍利弗！菩薩若行四法，則壞諸佛OOOO。何謂為四？離於善友屬惡知識，隨其所學毀壞大乘，是名初法。,,,,,無上菩提,無上菩提,舍利弗！菩薩若行四法，則壞諸佛無上菩提。何謂為四？離於善友屬惡知識，隨其所學毀壞大乘，是名初法。
T0386,《佛說蓮華面經》,T0386_001.txt,False,2,multiple_choice,數字術語,復有比丘實非羅漢，而常詐稱得羅漢果，欲令人知我是羅漢；復有比丘多受檀越OOOO，內無實德唯增貪心，但為活命不為修道。,苦集滅道,十二部經,十萬億剎,四事供養,D,四事供養,復有比丘實非羅漢，而常詐稱得羅漢果，欲令人知我是羅漢；復有比丘多受檀越四事供養，內無實德唯增貪心，但為活命不為修道。
T0386,《佛說蓮華面經》,T0386_001.txt,False,3,cloze,數字術語,阿難！譬如師子命絕身死，若空、若地、若水、若陸，所有眾生不敢食彼師子身肉，唯師子身自生諸虫，還自噉食師子之肉。阿難！我之佛法非餘能壞，是我法中諸惡比丘猶如毒刺，破我OOOOO積行勤苦所集佛法。,,,,,三阿僧祇劫,三阿僧祇劫,阿難！譬如師子命絕身死，若空、若地、若水、若陸，所有眾生不敢食彼師子身肉，唯師子身自生諸虫，還自噉食師子之肉。阿難！我之佛法非餘能壞，是我法中諸惡比丘猶如毒刺，破我三阿僧祇劫積行勤苦所集佛法。
T0386,《佛說蓮華面經》,T0386_001.txt,False,4,cloze,數字術語,彼餘舍利在閻浮提，當來有王名阿輸迦，統一閻浮提；此王為供養舍利故，造作OOOOO，置此舍利而供養之。,,,,,八萬四千塔,八萬四千塔,彼餘舍利在閻浮提，當來有王名阿輸迦，統一閻浮提；此王為供養舍利故，造作八萬四千塔，置此舍利而供養之。
T0386,《佛說蓮華面經》,T0386_001.txt,False,5,cloze,教義概念,如是一分舍利向諸天所。爾時帝釋天王及諸天眾，見佛舍利知佛涅槃，即雨天曼陀羅花、摩訶曼陀羅花、曼殊沙花、摩訶曼殊沙花供養舍利，如見佛身禮拜右遶，有種OOOOOOOOO善根，有種聲聞善根，有種辟支佛善根。,,,,,阿耨多羅三藐三菩提,阿耨多羅三藐三菩提,如是一分舍利向諸天所。爾時帝釋天王及諸天眾，見佛舍利知佛涅槃，即雨天曼陀羅花、摩訶曼陀羅花、曼殊沙花、摩訶曼殊沙花供養舍利，如見佛身禮拜右遶，有種阿耨多羅三藐三菩提善根，有種聲聞善根，有種辟支佛善根。
T0366,《佛說阿彌陀經》,T0366_001.txt,False,1,multiple_choice,教義概念,不可以少OOOOOO得生彼國。,無上正遍知覺,不思善不思惡,不可思議解脫,善根福德因緣,D,善根福德因緣,不可以少善根福德因緣得生彼國。
T0366,《佛說阿彌陀經》,T0366_001.txt,False,2,multiple_choice,教義概念,若有善男子、善女人，聞說阿彌陀佛，執持名號，若一日、若二日、若三日、若四日、若五日、若六日、若七日，OOOO。,毘梨耶度,寂滅涅槃,一心不亂,本自具足,C,一心不亂,若有善男子、善女人，聞說阿彌陀佛，執持名號，若一日、若二日、若三日、若四日、若五日、若六日、若七日，一心不亂。
T0366,《佛說阿彌陀經》,T0366_001.txt,False,3,cloze,教義概念,是諸善男子、善女人，皆為一切諸佛共所護念，皆得不退轉於OOOOOOOOO。,,,,,阿耨多羅三藐三菩提,阿耨多羅三藐三菩提,是諸善男子、善女人，皆為一切諸佛共所護念，皆得不退轉於阿耨多羅三藐三菩提。
T0366,《佛說阿彌陀經》,T0366_001.txt,False,4,cloze,專有名詞,其國眾生無有眾苦，但受諸樂，故名OO。,,,,,極樂,極樂,其國眾生無有眾苦，但受諸樂，故名極樂。
T0366,《佛說阿彌陀經》,T0366_001.txt,False,5,cloze,專有名詞,從是西方過十萬億佛土，有世界名曰極樂。其土有佛，號OOO，今現在說法。,,,,,阿彌陀,阿彌陀,從是西方過十萬億佛土，有世界名曰極樂。其土有佛，號阿彌陀，今現在說法。
T0489,《佛說除蓋障菩薩所問經》,T0489_013.txt,False,1,multiple_choice,教義概念,所有諸受皆悉是苦。云何愚人，於中OO計以為樂？,無我,顛倒,辯才,業報,B,顛倒,所有諸受皆悉是苦。云何愚人，於中顛倒計以為樂？
T0489,《佛說除蓋障菩薩所問經》,T0489_013.txt,False,2,multiple_choice,教義概念,菩薩若修十種法者，即得常住OOOO。,色即是空,事事無礙,妙等引心,本不生滅,C,妙等引心,菩薩若修十種法者，即得常住妙等引心。
T0489,《佛說除蓋障菩薩所問經》,T0489_013.txt,False,3,cloze,專有名詞,修無諍行及寂靜行，是即名為住OOOO。,,,,,阿蘭若處,阿蘭若處,修無諍行及寂靜行，是即名為住阿蘭若處。
T0489,《佛說除蓋障菩薩所問經》,T0489_013.txt,False,4,cloze,教義概念,一分授彼OOOO、一分施於貧苦有情、一分當施墮惡趣者、一分自食。,,,,,同梵行者,同梵行者,一分授彼同梵行者、一分施於貧苦有情、一分當施墮惡趣者、一分自食。
T0489,《佛說除蓋障菩薩所問經》,T0489_013.txt,False,5,cloze,教義概念,心如畫師畫諸物像，心不見心，心能積集OOOO。,,,,,善不善業,善不善業,心如畫師畫諸物像，心不見心，心能積集善不善業。
T0305,《信力入印法門經》,T0305_002.txt,False,1,multiple_choice,教義概念,有言信力者，謂過一切OOO故。,頭陀行,諸魔業,辟支佛,大神咒,B,諸魔業,有言信力者，謂過一切諸魔業故。
T0305,《信力入印法門經》,T0305_002.txt,False,2,multiple_choice,教義概念,有言OOO者，謂不離一切諸法法界不二智故。,波夜提,早晚課,辟支佛,法界智,D,法界智,有言法界智者，謂不離一切諸法法界不二智故。
T0305,《信力入印法門經》,T0305_002.txt,False,3,cloze,教義概念,有言OOOO者，謂善教化慳嫉眾生故。,,,,,檀波羅蜜,檀波羅蜜,有言檀波羅蜜者，謂善教化慳嫉眾生故。
T0305,《信力入印法門經》,T0305_002.txt,False,4,cloze,教義概念,有言OOO者，所謂諸陰不生智故。,,,,,苦諦智,苦諦智,有言苦諦智者，所謂諸陰不生智故。
T0305,《信力入印法門經》,T0305_002.txt,False,5,cloze,教義概念,有言OOO者，所謂拔濟一切眾生諸苦惱故，所謂身心修集一切諸功德故。,,,,,大慈心,大慈心,有言大慈心者，所謂拔濟一切眾生諸苦惱故，所謂身心修集一切諸功德故。
T2008,《六祖大師法寶壇經》,T2008-001-001.txt,False,1,multiple_choice,教義概念,OO本無樹，明鏡亦非臺；本來無一物，何處惹塵埃？,性具,假名,解脫,菩提,D,菩提,菩提本無樹，明鏡亦非臺；本來無一物，何處惹塵埃？
T2008,《六祖大師法寶壇經》,T2008-001-001.txt,False,2,multiple_choice,教義概念,何期OO，本自清淨；何期OO，本不生滅；何期OO，本自具足；何期OO，本無動搖；何期OO，能生萬法。,自性,實相,緣起,法施,A,自性,何期自性，本自清淨；何期自性，本不生滅；何期自性，本自具足；何期自性，本無動搖；何期自性，能生萬法。
T2008,《六祖大師法寶壇經》,T2008-001-001.txt,False,3,cloze,教義概念,人雖有南北，OO本無南北；獵獠身與和尚不同，OO有何差別？,,,,,佛性,佛性,人雖有南北，佛性本無南北；獵獠身與和尚不同，佛性有何差別？
T2008,《六祖大師法寶壇經》,T2008-001-001.txt,False,4,cloze,教義概念,OOOO，無相為體，無住為本。,,,,,無念為宗,無念為宗,無念為宗，無相為體，無住為本。
T2008,《六祖大師法寶壇經》,T2008-001-001.txt,False,5,cloze,教義概念,OOOO，慧是定用。即慧之時定在慧，即定之時慧在定。,,,,,定是慧體,定是慧體,定是慧體，慧是定用。即慧之時定在慧，即定之時慧在定。
T1064,《千手千眼觀世音菩薩大悲心陀羅尼》(大悲咒),T1064_001.txt,True,1,multiple_choice,教義概念,悉唎悉唎(四十四)蘇嚧蘇嚧(四十五)OOOOOO(四十六)菩馱夜菩馱夜(四十七)彌帝唎夜(四十八),般若波羅蜜多,無上正遍知覺,不思善不思惡,菩提夜菩提夜,D,菩提夜菩提夜,悉唎悉唎(此是觀世音菩薩，利益一切眾生不可思議)(四十四)　蘇嚧蘇嚧(此是諸佛樹葉落□)(四十五)　菩提夜菩提夜(此是觀世音菩薩結緣眾生)(四十六)　菩馱夜菩馱夜(此是阿難本身也)(四十七)　彌帝唎夜(此是大車菩薩，手把金刀)(四十八)
T1064,《千手千眼觀世音菩薩大悲心陀羅尼》(大悲咒),T1064_001.txt,True,2,multiple_choice,專有名詞,南無喝囉怛娜哆囉夜㖿(一)南無阿唎㖿(二)婆盧羯帝爍鉢囉㖿(三)OOOO婆㖿(四)摩訶薩埵婆㖿(五)摩訶迦盧尼迦㖿(六),安樂行品,菩提薩埵,護法諸天,般遮于瑟,B,菩提薩埵,南無喝囉怛娜哆囉夜㖿(此是觀世音菩薩本身，大須慈悲用心讀誦，勿高聲神性急)(一)　南無阿唎㖿(此是如意輪菩薩本身，到此須存心)(二)　婆盧羯帝爍鉢囉㖿(此是持鉢觀世音菩薩本身，若欲取舍利骨，誦此存想菩薩持鉢)(三)　菩提薩埵婆㖿(此是不空羂索菩薩，押大兵)(四)　摩訶薩埵婆㖿(此是菩薩種子自誦呪之本身也)(五)　摩訶迦盧尼迦㖿(此是馬鳴菩薩本身，手把鈸折羅即是)(六)
T1064,《千手千眼觀世音菩薩大悲心陀羅尼》(大悲咒),T1064_001.txt,True,3,cloze,教義概念,OO悉吉栗埵伊蒙阿唎㖿(十)婆盧吉帝室佛羅㘄馱婆(十一)OO那囉謹墀(十二)醯唎摩訶皤哆沙咩(十三),,,,,南無,南無,南無悉吉栗埵伊蒙阿唎㖿(此是龍樹菩薩本身，大須用心誦此，勿疎失，菩薩性急)(十)　婆盧吉帝室佛羅㘄馱婆(此是圓滿報身盧舍那佛)(十一)　南無那囉謹墀(此是清淨法身毘盧遮那佛本身，大須用心)(十二)　醯唎摩訶皤哆沙咩(羊鳴，此是羊頭神王，共諸天魔為眷屬)(十三)
T1064,《千手千眼觀世音菩薩大悲心陀羅尼》(大悲咒),T1064_001.txt,True,4,cloze,教義概念,OO喝囉怛那哆囉夜耶(七十六)OO阿唎㖿(七十七)婆盧吉帝(七十八)爍皤囉夜(七十九)娑婆訶(八十)悉殿都(八十一)漫哆羅(八十二)跋馱耶(八十三)娑婆訶(八十四),,,,,南無,南無,南無喝囉怛那哆囉夜耶(七十六)　南無阿唎㖿(七十七)　婆盧吉帝(七十八)　爍皤囉夜(七十九)　娑婆訶(八十)　悉殿都(八十一)　漫哆羅(八十二)　跋馱耶(八十三)　娑婆訶(八十四)
T1064,《千手千眼觀世音菩薩大悲心陀羅尼》(大悲咒),T1064_001.txt,True,5,cloze,教義概念,俱盧俱盧羯懞(二十七)度盧度盧罰闍耶帝(二十八)OOOOOO(二十九)陀羅陀羅(三十)地唎尼(三十一),,,,,摩訶罰闍耶帝,摩訶罰闍耶帝,俱盧俱盧羯懞(此是空身菩薩，押天大將軍，領二十萬億天兵也)(二十七)　度盧度盧罰闍耶帝(此是嚴峻菩薩，押孔雀王蠻兵也)(二十八)　摩訶罰闍耶帝(同前)(二十九)　陀羅陀羅(此是觀世音菩薩大丈夫身即是也)(三十)　地唎尼(此是師子王，兵驗讀誦)(三十一)
X1480,《千手眼大悲心咒行法》(大悲懺),X1480_001.txt,False,1,multiple_choice,專有名詞,令我等內外障緣寂滅。自他行願圓成。開本見知。制諸魔外。決定得生OOOOOOOO。,華光開敷遍身如來,阿彌陀佛極樂世界,地藏菩薩滅罪真言,應無所住而生其心,B,阿彌陀佛極樂世界,令我等內外障緣寂滅。自他行願圓成。開本見知。制諸魔外。決定得生阿彌陀佛極樂世界。
X1480,《千手眼大悲心咒行法》(大悲懺),X1480_001.txt,False,2,multiple_choice,教義概念,能禮所禮性空寂　OOOO難思議,心不顛倒,廣長舌相,感應道交,不可思議,C,感應道交,能禮所禮性空寂　感應道交難思議
X1480,《千手眼大悲心咒行法》(大悲懺),X1480_001.txt,False,3,cloze,教義概念,OOOO。本具千法。皆有神力。及以智明。上等佛心。下同含識。,,,,,現前一心,現前一心,現前一心。本具千法。皆有神力。及以智明。上等佛心。下同含識。
X1480,《千手眼大悲心咒行法》(大悲懺),X1480_001.txt,False,4,cloze,教義概念,觀世音菩薩白佛言。世尊。若諸眾生。誦持OOOO。墮三惡道者。我誓不成正覺。,,,,,大悲神呪,大悲神呪,觀世音菩薩白佛言。世尊。若諸眾生。誦持大悲神呪。墮三惡道者。我誓不成正覺。
X1480,《千手眼大悲心咒行法》(大悲懺),X1480_001.txt,False,5,cloze,專有名詞,南無過去正法明如來現前OOOOO。成妙功德。具大慈悲。於一身心。現千手眼。照見法界。護持眾生。,,,,,觀世音菩薩,觀世音菩薩,南無過去正法明如來現前觀世音菩薩。成妙功德。具大慈悲。於一身心。現千手眼。照見法界。護持眾生。
T0412,《地藏菩薩本願經》,T0412-001-002.txt,False,1,multiple_choice,專有名詞,OOOO眾生，舉止動念，無不是業，無不是罪，何況恣情殺害、竊盜、邪婬、妄語，百千罪狀？,般遮于瑟,執金剛神,薩陀波崙,南閻浮提,D,南閻浮提,南閻浮提眾生，舉止動念，無不是業，無不是罪，何況恣情殺害、竊盜、邪婬、妄語，百千罪狀？
T0412,《地藏菩薩本願經》,T0412-001-002.txt,False,2,multiple_choice,數字術語,若有男子女人，在生不修善因，多造眾罪，命終之後，眷屬小大為造福利一切聖事，OOOO，而乃獲一，六分功德，生者自利。,九種橫死,七千眷屬,四果聖者,七分之中,D,七分之中,若有男子女人，在生不修善因，多造眾罪，命終之後，眷屬小大為造福利一切聖事，七分之中，而乃獲一，六分功德，生者自利。
T0412,《地藏菩薩本願經》,T0412-001-002.txt,False,3,cloze,教義概念,OOOO，未解脫者，性識無定。惡習結業，善習結果，為善為惡，逐境而生。,,,,,一切眾生,一切眾生,一切眾生，未解脫者，性識無定。惡習結業，善習結果，為善為惡，逐境而生。
T0412,《地藏菩薩本願經》,T0412-001-002.txt,False,4,cloze,教義概念,我今盡未來際不可計劫，為是罪苦OOOO，廣設方便，盡令解脫，而我自身，方成佛道。,,,,,六道眾生,六道眾生,我今盡未來際不可計劫，為是罪苦六道眾生，廣設方便，盡令解脫，而我自身，方成佛道。
T0412,《地藏菩薩本願經》,T0412-001-002.txt,False,5,cloze,教義概念,若有眾生，不孝父母，或至殺害，當墮OOOO，千萬億劫，求出無期。,,,,,無間地獄,無間地獄,若有眾生，不孝父母，或至殺害，當墮無間地獄，千萬億劫，求出無期。
T0125,《增壹阿含經》,T0125-001-051.txt,False,1,multiple_choice,教義概念,諸惡莫作，諸善奉行，自淨其意，是OOO。,法性身,佛功德,諸佛教,蓮華族,C,諸佛教,諸惡莫作，諸善奉行，自淨其意，是諸佛教。
T0125,《增壹阿含經》,T0125-001-051.txt,False,2,multiple_choice,教義概念,諸惡莫作，諸善奉行，自淨其意，是OOO,眾生根,捨覺分,入涅槃,諸佛教,D,諸佛教,諸惡莫作，諸善奉行，自淨其意，是諸佛教
T0125,《增壹阿含經》,T0125_001_001.txt,False,3,cloze,教義概念,契經一分律二分，阿毘曇經復三分；過去三佛皆三分：契經、律、法為OO。,,,,,三藏,三藏,契經一分律二分，阿毘曇經復三分；過去三佛皆三分：契經、律、法為三藏。
T0125,《增壹阿含經》,T0125_001_001.txt,False,4,cloze,教義概念,諸惡莫作，諸善奉行，自淨其意，是OOO。,,,,,諸佛教,諸佛教,諸惡莫作，諸善奉行，自淨其意，是諸佛教。
T0125,《增壹阿含經》,T0125-001-051.txt,False,5,cloze,教義概念,怨怨不休息，自古有OO，無怨能勝怨，OO終不朽。,,,,,此法,此法,怨怨不休息，自古有此法，無怨能勝怨，此法終不朽。
T1567,《大乘中觀釋論》,T1567-001-009.txt,False,1,multiple_choice,教義概念,如OOOO，不在於緣中。,受想行識,事事無礙,諸法自性,金剛三昧,C,諸法自性,如諸法自性，不在於緣中。
T1567,《大乘中觀釋論》,T1567-001-009.txt,False,2,multiple_choice,教義概念,OOOOO，不斷亦不常等。,般若波羅蜜,息世譏嫌戒,不滅亦不生,菩薩摩訶薩,C,不滅亦不生,不滅亦不生，不斷亦不常等。
T1567,《大乘中觀釋論》,T1567-001-009.txt,False,3,cloze,教義概念,若法眾緣生，彼OOOO。,,,,,自性寂滅,自性寂滅,若法眾緣生，彼自性寂滅。
T1567,《大乘中觀釋論》,T1567-001-009.txt,False,4,cloze,教義概念,諸法OOO，非有亦非無。,,,,,無自性,無自性,諸法無自性，非有亦非無。
T1567,《大乘中觀釋論》,T1567-001-009.txt,False,5,cloze,教義概念,OO不自生。,,,,,諸法,諸法,諸法不自生。
T0829,《大乘離文字普光明藏經》,T0829_001.txt,False,1,multiple_choice,教義概念,所謂諸法不來不去、非因非緣、OOOO、無取無捨、不增不減。,光明無量,因地修行,如意寶珠,不生不滅,D,不生不滅,所謂諸法不來不去、非因非緣、不生不滅、無取無捨、不增不減。
T0829,《大乘離文字普光明藏經》,T0829_001.txt,False,2,multiple_choice,教義概念,善男子！無有少法是OOO。何以故？OOO者無所覺故。,偷蘭遮,如來覺,金剛族,蓮華族,B,如來覺,善男子！無有少法是如來覺。何以故？如來覺者無所覺故。
T0829,《大乘離文字普光明藏經》,T0829_001.txt,False,3,cloze,教義概念,善男子！一切法性OOOO是如來覺。,,,,,普光明藏,普光明藏,善男子！一切法性普光明藏是如來覺。
T0829,《大乘離文字普光明藏經》,T0829_001.txt,False,4,cloze,教義概念,世出世智依之以生，如母懷子，故名為藏。若智生時反照其本，如是法性為OOOOO之所攝藏，是故名為普光明藏。,,,,,般若波羅蜜,般若波羅蜜,世出世智依之以生，如母懷子，故名為藏。若智生時反照其本，如是法性為般若波羅蜜之所攝藏，是故名為普光明藏。
T0829,《大乘離文字普光明藏經》,T0829_001.txt,False,5,cloze,專有名詞,善男子！謂諸菩薩非己所安不加於物。若諸菩薩守護此法，即是能持OOOO一切禁戒。,,,,,諸佛如來,諸佛如來,善男子！謂諸菩薩非己所安不加於物。若諸菩薩守護此法，即是能持諸佛如來一切禁戒。
T0945,《大佛頂如來密因修證了義諸菩薩萬行首楞嚴經．楞嚴咒》(楞嚴咒),T0945_007_000.txt,True,1,multiple_choice,專有名詞,囉闍婆夜(百七十一)主囉婆夜(百七十二)阿祇尼婆夜(百七十三)烏陀迦婆夜(百七十四)吠沙婆夜(百七十五)舍薩多囉婆夜(百七十六)波囉斫羯囉婆夜(百七十七)OOOOO(百七十八),解冤結真言,突㗚叉婆夜,釋迦牟尼佛,破地獄真言,B,突㗚叉婆夜,囉闍婆夜(王難)(百七十一)　主囉婆夜(賊難)(百七十二)　阿祇尼婆夜(火難)(百七十三)　烏陀迦婆夜(水難)(百七十四)　吠沙婆夜(毒難)(百七十五)　舍薩多囉婆夜(刀仗難)(百七十六)　波囉斫羯囉婆夜(兵難)(百七十七)　突㗚叉婆夜(穀貴飢饉難)(百七十八)
T0945,《大佛頂如來密因修證了義諸菩薩萬行首楞嚴經．楞嚴咒》(楞嚴咒),T0945_007_000.txt,True,2,multiple_choice,專有名詞,薩皤提吠弊泮(二百九十七)薩皤那那伽弊泮(二百九十八)薩皤藥叉弊泮(二百九十九)薩皤OOO弊泮(三百)薩皤阿素囉弊泮(三百一)薩皤揭嚕茶弊泮(三百二)薩皤緊那羅弊泮(三百三)薩皤摩護囉伽弊泮(三百四),金剛經,莎婆訶,乾闥婆,須陀洹,C,乾闥婆,薩皤提吠弊泮(一切天神)(二百九十七)　薩皤那那伽弊泮(一切龍眾)(二百九十八)　薩皤藥叉弊泮(一切勇鬼神)(二百九十九)　薩皤乾闥婆弊泮(一切音樂神)(三百)　薩皤阿素囉弊泮(三百一)　薩皤揭嚕茶弊泮(三百二)　薩皤緊那羅弊泮(三百三)　薩皤摩護囉伽弊泮(三百四)
T0945,《大佛頂如來密因修證了義諸菩薩萬行首楞嚴經．楞嚴咒》(楞嚴咒),T0945_007_000.txt,True,3,cloze,教義概念,南牟薩怛他蘇伽哆耶(一)阿囉訶帝OOOOO耶(二)娜牟薩婆勃陀(三)勃地薩哆吠弊(四)娜牟颯哆喃OOOOO俱胝喃(五),,,,,三藐三菩陀,三藐三菩陀,南牟薩怛他蘇伽哆耶(歸命一切諸佛)(一)　阿囉訶帝三藐三菩陀耶(歸命一切如來應正等覺)(二)　娜牟薩婆勃陀(敬禮一切諸佛)(三)　勃地薩哆吠弊(歸命菩薩)(毘㖿反)(四)　娜牟颯哆喃三藐三菩陀俱胝喃(敬禮正遍知)(五)
T0945,《大佛頂如來密因修證了義諸菩薩萬行首楞嚴經．楞嚴咒》(楞嚴咒),T0945_007_000.txt,True,4,cloze,教義概念,娜牟婆伽筏帝(四十)阿彌陀婆耶(四十一)怛他揭多耶(四十二)阿囉訶帝OOOOO耶(四十三)娜牟婆伽筏帝(四十四)阿芻鞞也(四十五)怛他揭多耶(四十六)阿羅訶帝OOOOO耶(四十七),,,,,三藐三菩陀,三藐三菩陀,娜牟婆伽筏帝(四十)　阿彌陀(引)婆(引)耶(無量壽佛)(四十一)　怛他揭多耶(四十二)　阿囉訶帝三藐三菩陀耶(應等正覺)(四十三)　娜牟婆伽筏帝(四十四)　阿芻鞞也(阿閦如來)(四十五)　怛他揭多耶(四十六)　阿羅訶帝三藐三菩陀耶(四十七)
T0945,《大佛頂如來密因修證了義諸菩薩萬行首楞嚴經．楞嚴咒》(楞嚴咒),T0945_007_000.txt,True,5,cloze,教義概念,怛地他(四百二十六)唵(四百二十七)阿那㘑毘舍提(四百二十八)鞞囉(四百二十九)跋折囉(四百三十)阿唎畔陀(四百三十一)毘陀儞(四百三十二)跋折囉波尼泮(四百三十三)呼吽(四百三十四)咄嚕吽(四百三十五)OOO(四百三十六),,,,,莎皤訶,莎皤訶,怛地他(即說呪曰)(四百二十六)　唵(四百二十七)　阿那㘑毘舍提(四百二十八)　鞞囉(四百二十九)　跋折囉(四百三十)　阿唎畔陀(四百三十一)　毘陀儞(四百三十二)　跋折囉波尼泮(四百三十三)　呼吽(四百三十四)　咄嚕吽(三合)(四百三十五)　莎皤訶(四百三十六)
T0268,《大廣博嚴淨不退轉法輪經》,T0268_002.txt,False,1,multiple_choice,數字術語,信知OO與法界等。云何信知？所謂此界以諸音聲文字故說，實不可得。,六根,五惡,六界,十善,C,六界,信知六界與法界等。云何信知？所謂此界以諸音聲文字故說，實不可得。
T0268,《大廣博嚴淨不退轉法輪經》,T0268_002.txt,False,2,multiple_choice,數字術語,菩薩摩訶薩，已過八邪修OOO不著八正，過凡夫法而無所作，逮平等道過凡夫法。,八解脫,四威儀,八聖道,五善根,A,八解脫,菩薩摩訶薩，已過八邪修八解脫不著八正，過凡夫法而無所作，逮平等道過凡夫法。
T0268,《大廣博嚴淨不退轉法輪經》,T0268_002.txt,False,3,cloze,數字術語,不著佛道逮無染道，不疑佛菩提，不選擇戒，乃至不見佛戒；以不見故，不選擇戒不分別戒，永斷OO不住三界。,,,,,三結,三結,不著佛道逮無染道，不疑佛菩提，不選擇戒，乃至不見佛戒；以不見故，不選擇戒不分別戒，永斷三結不住三界。
T0268,《大廣博嚴淨不退轉法輪經》,T0268_002.txt,False,4,cloze,教義概念,菩薩摩訶薩，於佛正法終不退轉，受持佛法為他宣說終不毀犯，於不可思議OOOO，應當逮得如是等法，堅心受持而無怯弱。,,,,,真如法界,真如法界,菩薩摩訶薩，於佛正法終不退轉，受持佛法為他宣說終不毀犯，於不可思議真如法界，應當逮得如是等法，堅心受持而無怯弱。
T0268,《大廣博嚴淨不退轉法輪經》,T0268_002.txt,False,5,cloze,專有名詞,OOOOO，令無量無邊阿僧祇眾生信佛知見，信佛知見已，不著色不著受、想、行、識，以不著色不著受、想、行、識故，是OOOOO名為堅法。,,,,,菩薩摩訶薩,菩薩摩訶薩,菩薩摩訶薩，令無量無邊阿僧祇眾生信佛知見，信佛知見已，不著色不著受、想、行、識，以不著色不著受、想、行、識故，是菩薩摩訶薩名為堅法。
T0279,《大方廣佛華嚴經》(80卷本),T0279-001-004.txt,False,1,multiple_choice,專有名詞,OOOO功德大海，咸入其身。,一切如來,金剛力士,阿鼻地獄,般遮于瑟,A,一切如來,一切如來功德大海，咸入其身。
T0279,《大方廣佛華嚴經》(80卷本),T0279-001-004.txt,False,2,multiple_choice,教義概念,慧眼明徹，等觀三世；於諸OO，具足清淨。,坐禪,善根,僧殘,三昧,D,三昧,慧眼明徹，等觀三世；於諸三昧，具足清淨。
T0279,《大方廣佛華嚴經》(80卷本),T0279-001-004.txt,False,3,cloze,教義概念,佛身OOOOO，光明照耀遍世間，無相無行無影像，譬如空雲如是見。,,,,,清淨常寂滅,清淨常寂滅,佛身清淨常寂滅，光明照耀遍世間，無相無行無影像，譬如空雲如是見。
T0279,《大方廣佛華嚴經》(80卷本),T0279-001-004.txt,False,4,cloze,教義概念,其身充滿一切世間，其音普順OOOO。,,,,,十方國土,十方國土,其身充滿一切世間，其音普順十方國土。
T0279,《大方廣佛華嚴經》(80卷本),T0279-001-004.txt,False,5,cloze,專有名詞,此諸菩薩，往昔皆與OOOOOO共集善根，修菩薩行。,,,,,毘盧遮那如來,毘盧遮那如來,此諸菩薩，往昔皆與毘盧遮那如來共集善根，修菩薩行。
T1509,《大智度論》,T1509_001.txt,False,1,multiple_choice,教義概念,OOO不受，是見亦不受。,南無佛,菩提心,蓮華族,一切法,D,一切法,一切法不受，是見亦不受。
T1509,《大智度論》,T1509_001.txt,False,2,multiple_choice,教義概念,過一切語言道，OOOO，遍無所依，不示諸法。,降伏諸魔,發菩提心,樂說無礙,心行處滅,D,心行處滅,過一切語言道，心行處滅，遍無所依，不示諸法。
T1509,《大智度論》,T1509_001.txt,False,3,cloze,教義概念,有業亦有果，無OOOO，此第一甚深，是法佛能見。,,,,,作業果者,作業果者,有業亦有果，無作業果者，此第一甚深，是法佛能見。
T1509,《大智度論》,T1509_001.txt,False,4,cloze,教義概念,OOOO，信為能入，智為能度。,,,,,佛法大海,佛法大海,佛法大海，信為能入，智為能度。
T1509,《大智度論》,T1509_001.txt,False,5,cloze,教義概念,有四種悉檀：一者、世界悉檀，二者、各各為人悉檀，三者、對治悉檀，四者、OOOOO。,,,,,第一義悉檀,第一義悉檀,有四種悉檀：一者、世界悉檀，二者、各各為人悉檀，三者、對治悉檀，四者、第一義悉檀。
T0374,《大般涅槃經》,T0374-001-040.txt,False,1,multiple_choice,數字術語,一切眾生悉有佛性，以佛性故，眾生身中即有十力、OOOO、八十種好。,身口意業,三十二相,三解脫門,二十八宿,B,三十二相,一切眾生悉有佛性，以佛性故，眾生身中即有十力、三十二相、八十種好。
T0374,《大般涅槃經》,T0374-001-040.txt,False,2,multiple_choice,教義概念,善男子！OO無生、無滅、無去、無來，非過去、非未來、非現在，非因、所作、非無因作，非作、非作者，非相、非無相，非有名、非無名，非名、非色、非長、非短、非陰界入之所攝持，是故名常。,出家,佛性,持誦,因緣,B,佛性,善男子！佛性無生、無滅、無去、無來，非過去、非未來、非現在，非因、所作、非無因作，非作、非作者，非相、非無相，非有名、非無名，非名、非色、非長、非短、非陰界入之所攝持，是故名常。
T0374,《大般涅槃經》,T0374_004_004.txt,False,3,cloze,教義概念,夫食肉者，斷OOO。,,,,,大慈種,大慈種,夫食肉者，斷大慈種。
T0374,《大般涅槃經》,T0374_004_004.txt,False,4,cloze,教義概念,善男子！從今日始，不聽OOOO食肉，若受檀越信施之時，應觀是食如子肉想。,,,,,聲聞弟子,聲聞弟子,善男子！從今日始，不聽聲聞弟子食肉，若受檀越信施之時，應觀是食如子肉想。
T0374,《大般涅槃經》,T0374-001-040.txt,False,5,cloze,教義概念,我者即是佛義，常者是OO義，樂者是涅槃義，淨者是法義。,,,,,法身,法身,我者即是佛義，常者是法身義，樂者是涅槃義，淨者是法義。
T0220,《大般若波羅蜜多經》,T0220-001-040.txt,False,1,multiple_choice,教義概念,"色不異空,空不異色,OOOO,空即是色",佛頂光聚,金剛三昧,色即是空,無生無滅,C,色即是空,"色不異空,空不異色,色即是空,空即是色"
T0220,《大般若波羅蜜多經》,T0220_402_003.txt,False,2,multiple_choice,教義概念,色OOO，不由空故。色空非色，色不離空，空不離色，色即是空，空即是色。,慈悲心,心解脫,突吉羅,自性空,D,自性空,色自性空，不由空故。色空非色，色不離空，空不離色，色即是空，空即是色。
T0220,《大般若波羅蜜多經》,T0220-001-040.txt,False,3,cloze,教義概念,舍利子！諸菩薩摩訶薩修行OOOOOO，與如是法相應故，當言與般若波羅蜜多相應。,,,,,般若波羅蜜多,般若波羅蜜多,舍利子！諸菩薩摩訶薩修行般若波羅蜜多，與如是法相應故，當言與般若波羅蜜多相應。
T0220,《大般若波羅蜜多經》,T0220_402_003.txt,False,4,cloze,教義概念,菩薩摩訶薩修行OOOOOO時，應如是觀：『實有菩薩不見有菩薩，不見菩薩名；不見OOOOOO，不見OOOOOO名；不見行，不見不行。』,,,,,般若波羅蜜多,般若波羅蜜多,菩薩摩訶薩修行般若波羅蜜多時，應如是觀：『實有菩薩不見有菩薩，不見菩薩名；不見般若波羅蜜多，不見般若波羅蜜多名；不見行，不見不行。』
T0220,《大般若波羅蜜多經》,T0220-001-040.txt,False,5,cloze,教義概念,諸菩薩摩訶薩修行OOOOOO時，若菩薩摩訶薩、若OOOOOO，若此二名，俱不見在有為界中，亦不見在無為界中。,,,,,般若波羅蜜多,般若波羅蜜多,諸菩薩摩訶薩修行般若波羅蜜多時，若菩薩摩訶薩、若般若波羅蜜多，若此二名，俱不見在有為界中，亦不見在無為界中。
T0262,《妙法蓮華經》,T0262-001-007.txt,False,1,multiple_choice,專有名詞,若人散亂心，入於塔廟中，一稱OOO，皆已成佛道,南無佛,涅槃經,菩薩僧,金剛際,A,南無佛,若人散亂心，入於塔廟中，一稱南無佛，皆已成佛道
T0262,《妙法蓮華經》,T0262-001-007.txt,False,2,multiple_choice,數字術語,自我得佛來，所經諸劫數，無量百千萬，億載OOO,七如來,八正道,阿僧祇,四大畏,C,阿僧祇,自我得佛來，所經諸劫數，無量百千萬，億載阿僧祇
T0262,《妙法蓮華經》,T0262-001-007.txt,False,3,cloze,教義概念,OOOO中，尚無二乘，何況有三,,,,,十方世界,十方世界,十方世界中，尚無二乘，何況有三
T0262,《妙法蓮華經》,T0262-001-007.txt,False,4,cloze,教義概念,唯佛與佛乃能究盡OOOO，所謂諸法如是相，如是性，如是體，如是力，如是作，如是因，如是緣，如是果，如是報，如是本末究竟等,,,,,諸法實相,諸法實相,唯佛與佛乃能究盡諸法實相，所謂諸法如是相，如是性，如是體，如是力，如是作，如是因，如是緣，如是果，如是報，如是本末究竟等
T0262,《妙法蓮華經》,T0262-001-007.txt,False,5,cloze,教義概念,諸佛世尊唯以OOOOO故出現於世,,,,,一大事因緣,一大事因緣,諸佛世尊唯以一大事因緣故出現於世
T1910,《慈悲三昧水懺》,T1910_001.txt,False,1,multiple_choice,教義概念,何等為七。一者慚愧。二者恐怖。三者厭離。四者發OOO。五者怨親平等。六者念報佛恩。七者觀罪性空。,阿羅漢,菩提心,三摩地,不淨觀,B,菩提心,何等為七。一者慚愧。二者恐怖。三者厭離。四者發菩提心。五者怨親平等。六者念報佛恩。七者觀罪性空。
T1910,《慈悲三昧水懺》,T1910_001.txt,False,2,multiple_choice,教義概念,第七觀罪性空者罪無自性從OOO。顛倒而有。既從因緣而生。則可從因緣而滅。,因緣生,入涅槃,金剛族,次第緣,A,因緣生,第七觀罪性空者罪無自性從因緣生。顛倒而有。既從因緣而生。則可從因緣而滅。
T1910,《慈悲三昧水懺》,T1910_001.txt,False,3,cloze,教義概念,所言OO者一曰煩惱。二名為業。三是果報。此三種法更相由藉。因煩惱故所以起諸惡業。惡業因緣故得苦果。,,,,,三障,三障,所言三障者一曰煩惱。二名為業。三是果報。此三種法更相由藉。因煩惱故所以起諸惡業。惡業因緣故得苦果。
T1910,《慈悲三昧水懺》,T1910_001.txt,False,4,cloze,教義概念,是故經言。OOO業能令眾生墮於地獄餓鬼畜生受苦。若生人中得貧窮孤露兇很頑鈍。,,,,,貪瞋癡,貪瞋癡,是故經言。貪瞋癡業能令眾生墮於地獄餓鬼畜生受苦。若生人中得貧窮孤露兇很頑鈍。
T1910,《慈悲三昧水懺》,T1910_001.txt,False,5,cloze,教義概念,意業有三。一者慳貪。二者瞋恚。三者癡闇。由癡闇故起OOO造諸不善。,,,,,諸邪見,諸邪見,意業有三。一者慳貪。二者瞋恚。三者癡闇。由癡闇故起諸邪見造諸不善。
T1909,《慈悲道場懺法》(梁皇寶懺),T1909_001.txt,False,1,multiple_choice,教義概念,罪從OO生。亦從OO滅。,佛身,解脫,業報,因緣,D,因緣,罪從因緣生。亦從因緣滅。
T1909,《慈悲道場懺法》(梁皇寶懺),T1909_001.txt,False,2,multiple_choice,教義概念,父母念兒慈止一世。佛念眾生OOOO。,不可思議,無生無滅,慈心無盡,受、不受,C,慈心無盡,父母念兒慈止一世。佛念眾生慈心無盡。
T1909,《慈悲道場懺法》(梁皇寶懺),T1909_001.txt,False,3,cloze,教義概念,立此懺法。并發大心。有OOOOO。,,,,,十二大因緣,十二大因緣,立此懺法。并發大心。有十二大因緣。
T1909,《慈悲道場懺法》(梁皇寶懺),T1909_001.txt,False,4,cloze,專有名詞,OOOO。有無限齊大悲。度脫世間。有無限齊大慈。安慰世間。念一切眾生猶如一子。,,,,,諸佛菩薩,諸佛菩薩,諸佛菩薩。有無限齊大悲。度脫世間。有無限齊大慈。安慰世間。念一切眾生猶如一子。
T1909,《慈悲道場懺法》(梁皇寶懺),T1909_001.txt,False,5,cloze,數字術語,依身口意行OOO。身殺盜婬。口妄言綺語兩舌惡罵。意貪瞋癡。,,,,,十惡業,十惡業,依身口意行十惡業。身殺盜婬。口妄言綺語兩舌惡罵。意貪瞋癡。
T2011,《最上乘論》,T2011_001.txt,False,1,multiple_choice,教義概念,眾生身中有OOOO。猶如日輪體明圓滿廣大無邊。只為五陰黑雲之所覆。,幽冥眾生,受想行識,金剛佛性,無染無淨,C,金剛佛性,眾生身中有金剛佛性。猶如日輪體明圓滿廣大無邊。只為五陰黑雲之所覆。
T2011,《最上乘論》,T2011_001.txt,False,2,multiple_choice,教義概念,妄想斷故則具正念。正念具故OOO生。,佛功德,三摩地,寂照智,菩提心,C,寂照智,妄想斷故則具正念。正念具故寂照智生。
T2011,《最上乘論》,T2011_001.txt,False,3,cloze,數字術語,守本真心是涅槃之根本入道之要門。OOOO之宗三世諸佛之祖。,,,,,十二部經,十二部經,守本真心是涅槃之根本入道之要門。十二部經之宗三世諸佛之祖。
T2011,《最上乘論》,T2011_001.txt,False,4,cloze,專有名詞,OOOO以自心為本師。,,,,,三世諸佛,三世諸佛,三世諸佛以自心為本師。
T2011,《最上乘論》,T2011_001.txt,False,5,cloze,教義概念,但能凝然守心。妄念不生。OOO自然顯現。,,,,,涅槃法,涅槃法,但能凝然守心。妄念不生。涅槃法自然顯現。
T1484,《梵網經菩薩戒本》(《佛說梵網經》下卷),T1484_002.txt,False,1,multiple_choice,教義概念,孝順父母、師僧、OO，孝順至道之法，孝名為戒，亦名制止。,如來,涅槃,三寶,華報,C,三寶,孝順父母、師僧、三寶，孝順至道之法，孝名為戒，亦名制止。
T1484,《梵網經菩薩戒本》(《佛說梵網經》下卷),T1484_002.txt,False,2,multiple_choice,教義概念,若有犯者，不得現身發OOO，亦失國王位轉輪王位，亦失比丘、比丘尼位，亦失十發趣、十長養、十金剛、十地佛性常住妙果，一切皆失。,斯陀含,菩提心,方便智,不退地,B,菩提心,若有犯者，不得現身發菩提心，亦失國王位轉輪王位，亦失比丘、比丘尼位，亦失十發趣、十長養、十金剛、十地佛性常住妙果，一切皆失。
T1484,《梵網經菩薩戒本》(《佛說梵網經》下卷),T1484_002.txt,False,3,cloze,教義概念,眾生受佛戒，即入諸佛位。位同OO已，真是諸佛子。,,,,,大覺,大覺,眾生受佛戒，即入諸佛位。位同大覺已，真是諸佛子。
T1484,《梵網經菩薩戒本》(《佛說梵網經》下卷),T1484_002.txt,False,4,cloze,教義概念,七逆者，出佛身血、殺父、殺母、殺和上、殺阿闍梨、破OOOOOO、殺聖人。,,,,,羯磨轉法輪僧,羯磨轉法輪僧,七逆者，出佛身血、殺父、殺母、殺和上、殺阿闍梨、破羯磨轉法輪僧、殺聖人。
T1484,《梵網經菩薩戒本》(《佛說梵網經》下卷),T1484_002.txt,False,5,cloze,教義概念,一切眾生皆有OO，一切意識色心是情是心，皆入OO戒中，當當常有因故，有當當常住法身。,,,,,佛性,佛性,一切眾生皆有佛性，一切意識色心是情是心，皆入佛性戒中，當當常有因故，有當當常住法身。
X0276,《楞嚴摸象記》,X0276_001.txt,False,1,multiple_choice,教義概念,攝心為戒，OOOO，因定發慧。,金剛佛性,因地修行,因戒生定,別相懺悔,C,因戒生定,攝心為戒，因戒生定，因定發慧。
X0276,《楞嚴摸象記》,X0276_001.txt,False,2,multiple_choice,教義概念,性覺妙明，OOOO。,出佛身血,法華三昧,本覺明妙,須陀洹道,C,本覺明妙,性覺妙明，本覺明妙。
X0276,《楞嚴摸象記》,X0276_001.txt,False,3,cloze,教義概念,理則頓悟，乘悟併消。事非頓除，因OO盡。,,,,,次第,次第,理則頓悟，乘悟併消。事非頓除，因次第盡。
X0276,《楞嚴摸象記》,X0276_001.txt,False,4,cloze,教義概念,一迷為心，決定惑為心在此身OOOO。,,,,,方寸之中,方寸之中,一迷為心，決定惑為心在此身方寸之中。
X0276,《楞嚴摸象記》,X0276_001.txt,False,5,cloze,教義概念,見見之時，見非是見，OOOO，見不能及。,,,,,見猶離見,見猶離見,見見之時，見非是見，見猶離見，見不能及。
T0211,《法句譬喻經》,T0211-001-004.txt,False,1,multiple_choice,教義概念,夫為道者，以戒為本攝心為行，賤形貴真捐棄軀命，食以支形守意正定，內學OO滅意得道。,欲貪,惡口,止觀,共生,C,止觀,夫為道者，以戒為本攝心為行，賤形貴真捐棄軀命，食以支形守意正定，內學止觀滅意得道。
T0211,《法句譬喻經》,T0211-001-004.txt,False,2,multiple_choice,教義概念,信能渡淵，攝為船師，精進除苦，慧到OO。,菩薩,大喜,菩薩,彼岸,D,彼岸,信能渡淵，攝為船師，精進除苦，慧到彼岸。
T0211,《法句譬喻經》,T0211-001-004.txt,False,3,cloze,教義概念,所行非常，謂OOO，夫生輒死，此滅為樂。,,,,,興衰法,興衰法,所行非常，謂興衰法，夫生輒死，此滅為樂。
T0211,《法句譬喻經》,T0211-001-004.txt,False,4,cloze,教義概念,人有四事不可得離。何謂為四？一者在OO中，不得不受生。二者已生，不得不受老。三者已老，不得不受病。四者已病，不得不受死。,,,,,中陰,中陰,人有四事不可得離。何謂為四？一者在中陰中，不得不受生。二者已生，不得不受老。三者已老，不得不受病。四者已病，不得不受死。
T0211,《法句譬喻經》,T0211-001-004.txt,False,5,cloze,教義概念,學先斷母，率君二臣，廢諸營從，是OOO。,,,,,上道人,上道人,學先斷母，率君二臣，廢諸營從，是上道人。
X1497,《法界聖凡水陸勝會修齋儀軌》(水陸法會),X1497_001.txt,False,1,multiple_choice,教義概念,何謂法界。理常一故。諸佛眾生性平等故。何謂聖凡。十事異故。佛及三乘是名為聖。OOOO是名為凡。,無上菩提,心行處滅,六道羣生,色即是空,C,六道羣生,何謂法界。理常一故。諸佛眾生性平等故。何謂聖凡。十事異故。佛及三乘是名為聖。六道羣生是名為凡。
X1497,《法界聖凡水陸勝會修齋儀軌》(水陸法會),X1497_001.txt,False,2,multiple_choice,數字術語,我今持誦吉利忿怒真言。加持淨水。散洒此地。結地方界。當願此地之下。深OOO。如淨瑠璃。永無垢穢。,八正道,百由旬,十方佛,四天王,B,百由旬,我今持誦吉利忿怒真言。加持淨水。散洒此地。結地方界。當願此地之下。深百由旬。如淨瑠璃。永無垢穢。
X1497,《法界聖凡水陸勝會修齋儀軌》(水陸法會),X1497_001.txt,False,3,cloze,教義概念,謂OOO。各分十位。位復開十。總為二百。包括殆盡。是詳非略。,,,,,上下堂,上下堂,謂上下堂。各分十位。位復開十。總為二百。包括殆盡。是詳非略。
X1497,《法界聖凡水陸勝會修齋儀軌》(水陸法會),X1497_001.txt,False,4,cloze,教義概念,不住相者。忘情照理。如斯行施。功用莫比。無能施者。無受施人。無中間物。皆OOO。,,,,,畢竟空,畢竟空,不住相者。忘情照理。如斯行施。功用莫比。無能施者。無受施人。無中間物。皆畢竟空。
X1497,《法界聖凡水陸勝會修齋儀軌》(水陸法會),X1497_001.txt,False,5,cloze,教義概念,OO湛然周法界　　甚深無量絕言詮,,,,,法性,法性,法性湛然周法界　　甚深無量絕言詮
T1941,《法華三昧懺儀》,T1941_001.txt,False,1,multiple_choice,教義概念,至心懺悔。比丘(某甲)與OOOOOO。從無量世來。眼根因緣貪著諸色。以著色故貪愛諸塵。,一切法界眾生,般若波羅蜜多,不可思議解脫,不思善不思惡,A,一切法界眾生,至心懺悔。比丘(某甲)與一切法界眾生。從無量世來。眼根因緣貪著諸色。以著色故貪愛諸塵。
T1941,《法華三昧懺儀》,T1941_001.txt,False,2,multiple_choice,教義概念,行者當諦觀現在OOOO隨所緣境。如此之心為因心故心。為不因心故心。為亦因心亦不因心故心。為非因心非不因心故心。,能生萬法,一念妄心,柔順法忍,光明無量,B,一念妄心,行者當諦觀現在一念妄心隨所緣境。如此之心為因心故心。為不因心故心。為亦因心亦不因心故心。為非因心非不因心故心。
T1941,《法華三昧懺儀》,T1941_001.txt,False,3,cloze,教義概念,行者初入道場。當具足十法。一者嚴淨道場。二者淨身。三者三業供養。四者奉請三寶。五者讚歎三寶。六者禮佛。七者懺悔。八者行道旋遶。九者誦法華經。十者思惟OOOO。,,,,,一實境界,一實境界,行者初入道場。當具足十法。一者嚴淨道場。二者淨身。三者三業供養。四者奉請三寶。五者讚歎三寶。六者禮佛。七者懺悔。八者行道旋遶。九者誦法華經。十者思惟一實境界。
T1941,《法華三昧懺儀》,T1941_001.txt,False,4,cloze,教義概念,若觀心無心則罪福無主。知罪福性空。則一切諸法皆空。如是觀時能破一切OOOO。,,,,,生死顛倒,生死顛倒,若觀心無心則罪福無主。知罪福性空。則一切諸法皆空。如是觀時能破一切生死顛倒。
T1941,《法華三昧懺儀》,T1941_001.txt,False,5,cloze,教義概念,行者既奉請三寶已。即當OOOO。正身威儀一心倚立。而面向法座燒香散華。心念三寶微妙功德。口自宣偈讚歎并及呪願,,,,,五體投地,五體投地,行者既奉請三寶已。即當五體投地。正身威儀一心倚立。而面向法座燒香散華。心念三寶微妙功德。口自宣偈讚歎并及呪願
X1080,《瑜伽集要施食儀軌》(焰口),X1080_001.txt,False,1,multiple_choice,教義概念,OOOO皆從梵書字種起觀，出生一切廣大神變，普利有情。,無生法忍,光明無量,緣起性空,瑜伽法門,D,瑜伽法門,瑜伽法門皆從梵書字種起觀，出生一切廣大神變，普利有情。
X1080,《瑜伽集要施食儀軌》(焰口),X1080_001.txt,False,2,multiple_choice,專有名詞,若聞OOOO名號，能令汝等塵勞業火悉皆消滅。,寶勝如來,安樂行品,大自在天,文殊師利,A,寶勝如來,若聞寶勝如來名號，能令汝等塵勞業火悉皆消滅。
X1080,《瑜伽集要施食儀軌》(焰口),X1080_001.txt,False,3,cloze,專有名詞,澄心閉目觀心中，圓滿皎潔淨月上，字種放光成蓮花，花中有一OOO。,,,,,觀自在,觀自在,澄心閉目觀心中，圓滿皎潔淨月上，字種放光成蓮花，花中有一觀自在。
X1080,《瑜伽集要施食儀軌》(焰口),X1080_001.txt,False,4,cloze,教義概念,由此印呪加持威力，想於印中流出甘露，成於乳海流注法界，普濟汝等OOOO充足飽滿。,,,,,一切有情,一切有情,由此印呪加持威力，想於印中流出甘露，成於乳海流注法界，普濟汝等一切有情充足飽滿。
X1080,《瑜伽集要施食儀軌》(焰口),X1080_001.txt,False,5,cloze,教義概念,今為汝等受OOOO竟，從今已去，能令汝等入如來位，是真佛子，從法化生，得佛法分。,,,,,三昧耶戒,三昧耶戒,今為汝等受三昧耶戒竟，從今已去，能令汝等入如來位，是真佛子，從法化生，得佛法分。
X1244,《百丈清規證義記．蘭盆儀軌摘要》,X1244_008_000.txt,False,1,multiple_choice,教義概念,七月十五日。設OOO。預日於山門貼匾云。蘭盆勝會。,眾生根,滅盡定,清淨心,蘭盆供,D,蘭盆供,七月十五日。設蘭盆供。預日於山門貼匾云。蘭盆勝會。
X1244,《百丈清規證義記．蘭盆儀軌摘要》,X1244-001-009.txt,False,2,multiple_choice,教義概念,佛與眾生。均有是性。悟之而登妙覺。迷之而OOOO。,佛頂光聚,諸法空相,流浪生死,幽冥眾生,C,流浪生死,佛與眾生。均有是性。悟之而登妙覺。迷之而流浪生死。
X1244,《百丈清規證義記．蘭盆儀軌摘要》,X1244_008_000.txt,False,3,cloze,專有名詞,第二行中間。供OOO一座。以經彰名。表法殊勝。盆內旋疊甘美熟蔬菜。二十四色。不得菲淺。,,,,,盂蘭盆,盂蘭盆,第二行中間。供盂蘭盆一座。以經彰名。表法殊勝。盆內旋疊甘美熟蔬菜。二十四色。不得菲淺。
X1244,《百丈清規證義記．蘭盆儀軌摘要》,X1244-001-009.txt,False,4,cloze,專有名詞,OO者。主持佛法之名也。叢林立OO者。藉人持其法。使之永住而不滅也。,,,,,住持,住持,住持者。主持佛法之名也。叢林立住持者。藉人持其法。使之永住而不滅也。
X1244,《百丈清規證義記．蘭盆儀軌摘要》,X1244-001-009.txt,False,5,cloze,教義概念,叢林興衰。在乎住持。住持美惡。在乎舉請。荷担OO。在此一舉。敗壞OO。亦在此一舉。而受請者。之禍福昇沉亦因之。是故兩者。俱不可不慎。,,,,,常住,常住,叢林興衰。在乎住持。住持美惡。在乎舉請。荷担常住。在此一舉。敗壞常住。亦在此一舉。而受請者。之禍福昇沉亦因之。是故兩者。俱不可不慎。
T0475,《維摩詰所說經》,T0475-001-003.txt,False,1,multiple_choice,教義概念,從癡、有愛，則我病生。以OOOO病，是故我病；若OOOO病滅，則我病滅。,不可得空,宿世因緣,一切眾生,世第一法,C,一切眾生,從癡、有愛，則我病生。以一切眾生病，是故我病；若一切眾生病滅，則我病滅。
T0475,《維摩詰所說經》,T0475-001-003.txt,False,2,multiple_choice,教義概念,眾生之類是OOOO。所以者何？菩薩隨所化眾生而取佛土，隨所調伏眾生而取佛土。,安般守意,緣起性空,末法時代,菩薩佛土,D,菩薩佛土,眾生之類是菩薩佛土。所以者何？菩薩隨所化眾生而取佛土，隨所調伏眾生而取佛土。
T0475,《維摩詰所說經》,T0475-001-003.txt,False,3,cloze,專有名詞,若菩薩住是解脫者，以須彌之高廣內芥子中無所增減，OOOO本相如故。,,,,,須彌山王,須彌山王,若菩薩住是解脫者，以須彌之高廣內芥子中無所增減，須彌山王本相如故。
T0475,《維摩詰所說經》,T0475-001-003.txt,False,4,cloze,數字術語,夫求法者，不著佛求，不著法求，不著眾求；夫求法者，無見苦求，無斷集求，無造盡證、修道之求。,,,,,四聖諦,四聖諦,夫求法者，不著佛求，不著法求，不著眾求；夫求法者，無見苦求，無斷集求，無造盡證、修道之求。
T0475,《維摩詰所說經》,T0475-001-003.txt,False,5,cloze,教義概念,直心是OOOO——菩薩成佛時，不諂眾生來生其國；深心是OOOO——菩薩成佛時，具足功德眾生來生其國。,,,,,菩薩淨土,菩薩淨土,直心是菩薩淨土——菩薩成佛時，不諂眾生來生其國；深心是菩薩淨土——菩薩成佛時，具足功德眾生來生其國。
T0251,《般若波羅蜜多心經》,T0251_001.txt,False,1,multiple_choice,教義概念,是OOOO，不生不滅，不垢不淨，不增不減。,世第一法,阿鞞跋致,色即是空,諸法空相,D,諸法空相,是諸法空相，不生不滅，不垢不淨，不增不減。
T0251,《般若波羅蜜多心經》,T0251_001.txt,False,2,multiple_choice,教義概念,觀自在菩薩行深OOOOOO時，照見五蘊皆空，度一切苦厄。,無上正等正覺,般若波羅蜜多,不可思議解脫,不思善不思惡,B,般若波羅蜜多,觀自在菩薩行深般若波羅蜜多時，照見五蘊皆空，度一切苦厄。
T0251,《般若波羅蜜多心經》,T0251_001.txt,False,3,cloze,教義概念,色不異空，空不異色，色即是空，空即是色；OOOOOOO，亦復如是。,,,,,受、想、行、識,受、想、行、識,色不異空，空不異色，色即是空，空即是色；受、想、行、識，亦復如是。
T0251,《般若波羅蜜多心經》,T0251_001.txt,False,4,cloze,教義概念,以無所得故，菩提薩埵依OOOOOO故，心無罣礙；無罣礙故，無有恐怖，遠離顛倒夢想，究竟涅槃。,,,,,般若波羅蜜多,般若波羅蜜多,以無所得故，菩提薩埵依般若波羅蜜多故，心無罣礙；無罣礙故，無有恐怖，遠離顛倒夢想，究竟涅槃。
T0251,《般若波羅蜜多心經》,T0251_001.txt,False,5,cloze,教義概念,故知OOOOOO是大神咒、是大明咒、是無上咒、是無等等咒，能除一切苦，真實不虛，故說OOOOOO咒。,,,,,般若波羅蜜多,般若波羅蜜多,故知般若波羅蜜多是大神咒、是大明咒、是無上咒、是無等等咒，能除一切苦，真實不虛，故說般若波羅蜜多咒。
T0450,《藥師琉璃光如來本願功德經》,T0450_001.txt,False,1,multiple_choice,教義概念,願我來世得菩提時，若諸有情，眾病逼切，無救無歸，無醫無藥，無親無家，貧窮多苦，我之名號，一經其耳，病悉得除，身心安樂，家屬資具，悉皆豐足，乃至證得OOOO。,本自具足,心不顛倒,無生無滅,無上菩提,D,無上菩提,願我來世得菩提時，若諸有情，眾病逼切，無救無歸，無醫無藥，無親無家，貧窮多苦，我之名號，一經其耳，病悉得除，身心安樂，家屬資具，悉皆豐足，乃至證得無上菩提。
T0450,《藥師琉璃光如來本願功德經》,T0450_001.txt,False,2,multiple_choice,專有名詞,若得聞此OOOOOOO名號，便捨惡行，修諸善法，不墮惡趣，設有不能捨諸惡行，修行善法，墮惡趣者，以彼如來本願威力，令其現前暫聞名號，從彼命終還生人趣，得正見精進，善調意樂。,《增壹阿含經》,藥師琉璃光如來,《金剛般若經》,本師釋迦牟尼佛,B,藥師琉璃光如來,若得聞此藥師琉璃光如來名號，便捨惡行，修諸善法，不墮惡趣，設有不能捨諸惡行，修行善法，墮惡趣者，以彼如來本願威力，令其現前暫聞名號，從彼命終還生人趣，得正見精進，善調意樂。
T0450,《藥師琉璃光如來本願功德經》,T0450_001.txt,False,3,cloze,專有名詞,時，彼病人親屬、知識，若能為彼歸依世尊OOOOOOO，請諸眾僧，轉讀此經，然七層之燈，懸五色續命神幡，或有是處，彼識得還。,,,,,藥師琉璃光如來,藥師琉璃光如來,時，彼病人親屬、知識，若能為彼歸依世尊藥師琉璃光如來，請諸眾僧，轉讀此經，然七層之燈，懸五色續命神幡，或有是處，彼識得還。
T0450,《藥師琉璃光如來本願功德經》,T0450_001.txt,False,4,cloze,專有名詞,此十二藥叉大將，一一各有七千藥叉以為眷屬，同時舉聲白佛言：世尊！我等今者，蒙佛威力，得聞世尊OOOOOOO名號，不復更有惡趣之怖。,,,,,藥師琉璃光如來,藥師琉璃光如來,此十二藥叉大將，一一各有七千藥叉以為眷屬，同時舉聲白佛言：世尊！我等今者，蒙佛威力，得聞世尊藥師琉璃光如來名號，不復更有惡趣之怖。
T0450,《藥師琉璃光如來本願功德經》,T0450_001.txt,False,5,cloze,專有名詞,東方去此過十殑伽沙等佛土，有世界名淨琉璃，佛號OOOOOOO、應、正等覺、明行圓滿、善逝、世間解、無上丈夫、調御士、天人師、佛、薄伽梵。,,,,,藥師琉璃光如來,藥師琉璃光如來,東方去此過十殑伽沙等佛土，有世界名淨琉璃，佛號藥師琉璃光如來、應、正等覺、明行圓滿、善逝、世間解、無上丈夫、調御士、天人師、佛、薄伽梵。
JB044,《諸經日誦集要．蒙山施食》,JB044-001-003.txt,False,1,multiple_choice,教義概念,若有善男子善女人，聞說阿彌陀佛，執持名號，若一日、若二日、若三日、若四日、若五日、若六日、若七日OOOO，其人臨命終時，阿彌陀佛與諸聖眾現在其前。,苦集滅道,壽命無量,一心不亂,金剛三昧,C,一心不亂,若有善男子善女人，聞說阿彌陀佛，執持名號，若一日、若二日、若三日、若四日、若五日、若六日、若七日一心不亂，其人臨命終時，阿彌陀佛與諸聖眾現在其前。
JB044,《諸經日誦集要．蒙山施食》,JB044-001-003.txt,False,3,cloze,教義概念,觀自在菩薩行深OOOOOO時，照見五蘊皆空，度一切苦厄。,,,,,般若波羅蜜多,般若波羅蜜多,觀自在菩薩行深般若波羅蜜多時，照見五蘊皆空，度一切苦厄。
JB044,《諸經日誦集要．蒙山施食》,JB044-001-003.txt,False,4,cloze,教義概念,若人欲了知，三世一切佛；應觀OOO，一切惟心造。,,,,,法界性,法界性,若人欲了知，三世一切佛；應觀法界性，一切惟心造。
JB044,《諸經日誦集要．蒙山施食》,JB044-001-003.txt,False,5,cloze,教義概念,我昔所造諸惡業，皆由無始OOO；從身語意之所生，一切我今皆懺悔。,,,,,貪瞋癡,貪瞋癡,我昔所造諸惡業，皆由無始貪瞋癡；從身語意之所生，一切我今皆懺悔。
T1670A,《那先比丘經》,T1670A_001.txt,False,1,multiple_choice,教義概念,OO頭面目耳鼻口、頸項肩臂骨肉手足、肺肝心脾腎腸胃、顏色聲響喘息、苦樂善惡合為一人。,眾生,合聚,中道,自性,B,合聚,合聚頭面目耳鼻口、頸項肩臂骨肉手足、肺肝心脾腎腸胃、顏色聲響喘息、苦樂善惡合為一人。
T1670A,《那先比丘經》,T1670A_001.txt,False,2,multiple_choice,教義概念,人身死，當復更生受一身，譬若OOOOO。,一大事因緣,新發意菩薩,反聞聞自性,兩炷更相然,D,兩炷更相然,人身死，當復更生受一身，譬若兩炷更相然。
T1670A,《那先比丘經》,T1670A_001.txt,False,3,cloze,教義概念,人有OOOO者，後世便復生為人。無OOOO者，後世便不復生。,,,,,恩愛貪欲,恩愛貪欲,人有恩愛貪欲者，後世便復生為人。無恩愛貪欲者，後世便不復生。
T1670A,《那先比丘經》,T1670A_001.txt,False,4,cloze,教義概念,誠信、孝順、精進念善、OOOO是為善事。,,,,,一心智慧,一心智慧,誠信、孝順、精進念善、一心智慧是為善事。
T1670A,《那先比丘經》,T1670A_001.txt,False,5,cloze,數字術語,復有OOOO經，皆是孝順為本。,,,,,三十七品,三十七品,復有三十七品經，皆是孝順為本。
T0235,《金剛般若波羅蜜經》,T0235-001-001.txt,False,1,multiple_choice,教義概念,如是OO無量、無數、無邊眾生，實無眾生得OO者。,緣起,菩薩,菩薩,滅度,D,滅度,如是滅度無量、無數、無邊眾生，實無眾生得滅度者。
T0235,《金剛般若波羅蜜經》,T0235-001-001.txt,False,2,multiple_choice,教義概念,若菩薩有OO，即非菩薩。,禁戒,食施,四相,法界,C,四相,若菩薩有我相、人相、眾生相、壽者相，即非菩薩。
T0235,《金剛般若波羅蜜經》,T0235-001-001.txt,False,3,cloze,專有名詞,凡所有相，皆是虛妄；若見諸相非相，則見OO。,,,,,如來,如來,凡所有相，皆是虛妄；若見諸相非相，則見如來。
T0235,《金剛般若波羅蜜經》,T0235-001-001.txt,False,4,cloze,教義概念,實無有法，如來得OOOOOOOOO。,,,,,阿耨多羅三藐三菩提,阿耨多羅三藐三菩提,實無有法，如來得阿耨多羅三藐三菩提。
T0235,《金剛般若波羅蜜經》,T0235-001-001.txt,False,5,cloze,教義概念,若菩薩通達OOOO者，如來說名真是菩薩。,,,,,無我、法,無我、法,若菩薩通達無我、法者，如來說名真是菩薩。
T0203,《雜寶藏經》,T0203-001-010.txt,False,1,multiple_choice,教義概念,信能渡駛流，OOO者能渡大海，精進能捨苦，智慧能得清淨。,辟支佛,頭陀行,不放逸,念覺分,C,不放逸,信能渡駛流，不放逸者能渡大海，精進能捨苦，智慧能得清淨。
T0203,《雜寶藏經》,T0203-001-010.txt,False,2,multiple_choice,教義概念,貪嫉OOO，繫縛人、天、阿修羅、乾闥婆等，并與一切類，皆為貪嫉自縛。,菩提心,垢、淨,蓮華族,二結使,D,二結使,貪嫉二結使，繫縛人、天、阿修羅、乾闥婆等，并與一切類，皆為貪嫉自縛。
T0203,《雜寶藏經》,T0203-001-010.txt,False,3,cloze,教義概念,若於父母所，少作OO，獲福無量；少作不順，獲罪無量。,,,,,供養,供養,若於父母所，少作供養，獲福無量；少作不順，獲罪無量。
T0203,《雜寶藏經》,T0203-001-010.txt,False,4,cloze,教義概念,一者OOOO，二者供養賢聖。,,,,,供養父母,供養父母,一者供養父母，二者供養賢聖。
T0203,《雜寶藏經》,T0203-001-010.txt,False,5,cloze,數字術語,夫施者，正得OOO，何謂為五？一者施命，二者施色，三者施安，四者施力，五者施辯。,,,,,五福德,五福德,夫施者，正得五福德，何謂為五？一者施命，二者施色，三者施安，四者施力，五者施辯。
T0099,《雜阿含經》,T0099_012.txt,False,1,multiple_choice,教義概念,自作自覺則墮常見，他作他覺則墮斷見。義說、法說，離此二邊，處於OO而說法，所謂此有故彼有，此起故彼起。,梵行,智慧,戲論,中道,D,中道,自作自覺則墮常見，他作他覺則墮斷見。義說、法說，離此二邊，處於中道而說法，所謂此有故彼有，此起故彼起。
T0099,《雜阿含經》,T0099_012.txt,False,2,multiple_choice,教義概念,我得OOOO、古仙人逕、古仙人道跡，古仙人從此跡去，我今隨去。,古仙人道,普賢行願,頭目腦髓,妙性圓明,A,古仙人道,我得古仙人道、古仙人逕、古仙人道跡，古仙人從此跡去，我今隨去。
T0099,《雜阿含經》,T0099_012.txt,False,3,cloze,教義概念,譬如三蘆立於空地，展轉相依，而得竪立，若去其一，二亦不立，若去其二，一亦不立，展轉相依，而得竪立，OOOO亦復如是。,,,,,識緣名色,識緣名色,譬如三蘆立於空地，展轉相依，而得竪立，若去其一，二亦不立，若去其二，一亦不立，展轉相依，而得竪立，識緣名色亦復如是。
T0099,《雜阿含經》,T0099_012.txt,False,4,cloze,數字術語,若於結所繫法隨順無常觀，住生滅觀、無欲觀、滅觀、捨觀，不生顧念，心不縛著，則愛滅；愛滅則取滅，取滅則有滅，有滅則生滅，生滅則老、病、死、憂、悲、惱、苦滅，如是如是OOOO滅。,,,,,十二因緣,十二因緣,若於結所繫法隨順無常觀，住生滅觀、無欲觀、滅觀、捨觀，不生顧念，心不縛著，則愛滅；愛滅則取滅，取滅則有滅，有滅則生滅，生滅則老、病、死、憂、悲、惱、苦滅，如是如是純大苦聚滅。
T0099,《雜阿含經》,T0099_012.txt,False,5,cloze,教義概念,若佛出世，若未出世，此法常住，法住法界，彼如來自所覺知，OOOO，為人演說，開示顯發。,,,,,成等正覺,成等正覺,若佛出世，若未出世，此法常住，法住法界，彼如來自所覺知，成等正覺，為人演說，開示顯發。
T0945,《大佛頂如來密因修證了義諸菩薩萬行首楞嚴經》,T0945_006.txt,False,6,cloze,教義概念,反聞聞自性，性成OOO，圓通實如是。,,,,,無上道,無上道,反聞聞自性，性成無上道，圓通實如是。
T0945,《大佛頂如來密因修證了義諸菩薩萬行首楞嚴經》,T0945_006.txt,False,7,cloze,教義概念,彼佛教我從聞思修入OOO。初於聞中入流亡所；所入既寂，動靜二相了然不生。,,,,,三摩地,三摩地,彼佛教我從聞思修入三摩地。初於聞中入流亡所；所入既寂，動靜二相了然不生。
T0945,《大佛頂如來密因修證了義諸菩薩萬行首楞嚴經》,T0945_006.txt,False,8,cloze,教義概念,我從OOOOOO緣心自在，因入流相得三摩提，成就菩提，斯為第一。,,,,,耳門圓照三昧,耳門圓照三昧,我從耳門圓照三昧緣心自在，因入流相得三摩提，成就菩提，斯為第一。
T0945,《大佛頂如來密因修證了義諸菩薩萬行首楞嚴經》,T0945_006.txt,False,9,cloze,教義概念,此方真教體，清淨在音聞；欲取OOO，實以聞中入。,,,,,三摩提,三摩提,此方真教體，清淨在音聞；欲取三摩提，實以聞中入。
T0945,《大佛頂如來密因修證了義諸菩薩萬行首楞嚴經》,T0945_006.txt,False,10,cloze,教義概念,汝修OO本出塵勞，婬心不除，塵不可出。,,,,,三昧,三昧,汝修三昧本出塵勞，婬心不除，塵不可出。
